<DATE>	<TIME>	<OPEN>	<HIGH>	<LOW>	<CLOSE>	<TICKVOL>	<VOL>	<SPREAD>
2026.07.01	09:00:00	174005	174230	172710	173235	458958	1102752	1
2026.07.01	09:15:00	173230	173310	172485	172690	291751	760118	1
2026.07.01	09:30:00	172690	172720	172315	172375	180053	547580	1
2026.07.01	09:45:00	172380	172660	172190	172385	214553	659833	1
2026.07.01	10:00:00	172385	172590	172050	172340	287277	893049	1
2026.07.01	10:15:00	172345	172985	172190	172855	328572	1067471	1
2026.07.01	10:30:00	172860	174120	172580	174040	438962	1440805	1
2026.07.01	10:45:00	174045	174270	173580	173830	269453	864742	1
2026.07.01	11:00:00	173830	174120	173705	174025	176306	584071	1
2026.07.01	11:15:00	174025	174480	173880	174075	233177	822959	1
2026.07.01	11:30:00	174075	174220	173835	173865	137483	477121	1
2026.07.01	11:45:00	173865	174100	173660	173705	152108	533063	1
2026.07.01	12:00:00	173705	173835	173485	173625	112498	399998	1
2026.07.01	12:15:00	173625	173805	173465	173640	105608	376118	1
2026.07.01	12:30:00	173635	174410	173575	174370	126665	430160	1
2026.07.01	12:45:00	174370	174540	174210	174270	114446	390823	1
2026.07.01	13:00:00	174265	174495	174210	174410	65111	231522	1
2026.07.01	13:15:00	174415	174535	174255	174520	54528	185274	1
2026.07.01	13:30:00	174510	174640	174460	174550	74091	254144	1
2026.07.01	13:45:00	174550	174610	174260	174355	77379	267577	1
2026.07.01	14:00:00	174360	174685	174345	174475	82168	275340	1
2026.07.01	14:15:00	174475	174625	174435	174510	44704	144979	1
2026.07.01	14:30:00	174510	174605	174375	174575	67224	230271	1
2026.07.01	14:45:00	174570	174590	174005	174145	98780	352931	1
2026.07.01	15:00:00	174145	174310	173915	174015	82050	278186	1
2026.07.01	15:15:00	174010	174240	173915	174085	73089	263272	1
2026.07.01	15:30:00	174085	174165	174010	174115	45208	160194	1
2026.07.01	15:45:00	174110	174120	173990	174105	33632	117429	1
2026.07.01	16:00:00	174105	174565	174000	174295	90551	318997	1
2026.07.01	16:15:00	174300	174515	174290	174335	64723	231214	1
2026.07.01	16:30:00	174335	174425	174185	174405	59083	210302	1
2026.07.01	16:45:00	174410	174480	174190	174280	56866	204150	1
2026.07.01	17:00:00	174280	174410	174105	174325	50574	196611	1
2026.07.01	17:15:00	174325	174360	174190	174235	22066	81396	1
2026.07.01	17:30:00	174235	174540	174225	174515	33794	121371	1
2026.07.01	17:45:00	174510	174645	174405	174545	31905	104436	1
2026.07.01	18:00:00	174540	174585	174430	174525	23353	64274	1
2026.07.01	18:15:00	174515	174580	174455	174530	12248	51092	1
2026.07.02	09:00:00	174560	174885	173910	174630	390430	951012	1
2026.07.02	09:15:00	174630	175005	174430	174975	205976	606701	1
2026.07.02	09:30:00	174965	176655	174325	176355	457536	1238918	1
2026.07.02	09:45:00	176360	176410	175595	175745	249907	734818	1
2026.07.02	10:00:00	175745	175955	175275	175775	352162	1022510	1
2026.07.02	10:15:00	175780	175970	175070	175230	272400	844610	1
2026.07.02	10:30:00	175230	176860	175215	176805	424127	1401319	1
2026.07.02	10:45:00	176805	177055	175730	175925	310322	1046631	1
2026.07.02	11:00:00	175925	176180	175670	176000	214248	705494	1
2026.07.02	11:15:00	176000	176135	175165	175220	205591	697259	1
2026.07.02	11:30:00	175215	175580	174630	174830	261375	890889	1
2026.07.02	11:45:00	174830	175040	174730	174945	156917	521228	1
2026.07.02	12:00:00	174945	175115	174420	174700	164660	550492	1
2026.07.02	12:15:00	174700	174840	174240	174620	160398	544007	1
2026.07.02	12:30:00	174615	174880	174615	174770	92372	317119	1
2026.07.02	12:45:00	174770	174870	174680	174745	67998	233121	1
2026.07.02	13:00:00	174740	175000	174670	174875	101353	358114	1
2026.07.02	13:15:00	174880	174900	174525	174630	79078	281667	1
2026.07.02	13:30:00	174625	174800	174545	174760	82492	292558	1
2026.07.02	13:45:00	174765	174845	174475	174530	72979	273709	1
2026.07.02	14:00:00	174525	174815	174515	174760	76235	283731	1
2026.07.02	14:15:00	174760	174815	174585	174645	50574	176424	1
2026.07.02	14:30:00	174640	174770	174515	174630	61699	222526	1
2026.07.02	14:45:00	174630	174750	174550	174595	62459	231609	1
2026.07.02	15:00:00	174595	174880	174500	174700	88185	327671	1
2026.07.02	15:15:00	174700	174980	174575	174960	63855	229023	1
2026.07.02	15:30:00	174955	175240	174950	175160	90768	336869	1
2026.07.02	15:45:00	175160	175305	175020	175225	64945	242278	1
2026.07.02	16:00:00	175225	175265	174915	174970	70406	262012	1
2026.07.02	16:15:00	174970	174985	174695	174810	53822	206071	1
2026.07.02	16:30:00	174810	175015	174790	174985	46916	170511	1
2026.07.02	16:45:00	174985	175295	174830	175280	79733	313355	1
2026.07.02	17:00:00	175285	175400	175120	175290	56201	224126	1
2026.07.02	17:15:00	175290	175380	175250	175360	23518	82627	1
2026.07.02	17:30:00	175365	175420	175340	175375	20461	71433	1
2026.07.02	17:45:00	175370	175400	175260	175290	28674	82695	1
2026.07.02	18:00:00	175295	175355	175185	175225	23119	56688	1
2026.07.02	18:15:00	175220	175265	175105	175175	13708	58889	1
2026.07.03	09:00:00	175725	176715	175550	176465	373880	1041995	1
2026.07.03	09:15:00	176470	176775	176270	176650	229144	651324	1
2026.07.03	09:30:00	176655	176740	176240	176270	212157	612606	1
2026.07.03	09:45:00	176275	176790	176255	176325	210709	635327	1
2026.07.03	10:00:00	176325	176515	175665	175690	345355	1078903	1
2026.07.03	10:15:00	175685	175995	175300	175815	353061	1132202	1
2026.07.03	10:30:00	175815	176085	175425	175970	244800	775945	1
2026.07.03	10:45:00	175970	176185	175810	176055	161938	510951	1
2026.07.03	11:00:00	176055	176700	176020	176490	199983	658463	1
2026.07.03	11:15:00	176490	176585	176335	176480	110591	382669	1
2026.07.03	11:30:00	176475	176735	176385	176625	126657	463186	1
2026.07.03	11:45:00	176625	176775	176515	176685	88186	325228	1
2026.07.03	12:00:00	176690	176945	176635	176880	101341	372299	1
2026.07.03	12:15:00	176885	176965	176800	176860	65341	246644	1
2026.07.03	12:30:00	176860	176995	176775	176915	68914	247396	1
2026.07.03	12:45:00	176920	177020	176875	176900	51981	196613	1
2026.07.03	13:00:00	176900	177175	176895	177065	72032	285401	1
2026.07.03	13:15:00	177060	177105	176965	176975	44185	175033	1
2026.07.03	13:30:00	176975	177015	176870	176955	53731	209166	1
2026.07.03	13:45:00	176960	177010	176880	176905	36618	137180	1
2026.07.03	14:00:00	176910	176965	176810	176825	46891	179449	1
2026.07.03	14:15:00	176825	176995	176740	176955	60243	237554	1
2026.07.03	14:30:00	176955	177085	176915	177010	45103	176285	1
2026.07.03	14:45:00	177005	177030	176905	176935	30278	113130	1
2026.07.03	15:00:00	176935	176945	176730	176805	56991	215989	1
2026.07.03	15:15:00	176810	176905	176735	176850	42409	160415	1
2026.07.03	15:30:00	176850	176885	176780	176820	29664	113855	1
2026.07.03	15:45:00	176820	176875	176795	176815	21471	84405	1
2026.07.03	16:00:00	176815	176870	176700	176710	36309	142118	1
2026.07.03	16:15:00	176710	176840	176650	176680	44340	176533	1
2026.07.03	16:30:00	176675	176705	176510	176520	45438	184405	1
2026.07.03	16:45:00	176520	176800	176515	176790	48133	186526	1
2026.07.03	17:00:00	176790	176790	176530	176640	48919	195796	1
2026.07.03	17:15:00	176645	176725	176630	176650	19699	77098	1
2026.07.03	17:30:00	176650	176835	176650	176770	29587	115440	1
2026.07.03	17:45:00	176775	176880	176750	176830	19525	64018	1
2026.07.03	18:00:00	176830	176870	176765	176800	14354	42669	1
2026.07.03	18:15:00	176805	176910	176710	176910	10442	49318	1
2026.07.06	09:00:00	176600	176835	175155	175475	427408	1138077	1
2026.07.06	09:15:00	175475	175860	175055	175275	295929	888185	1
2026.07.06	09:30:00	175275	175410	175075	175255	170644	518694	1
2026.07.06	09:45:00	175250	175350	175000	175110	143446	449327	1
2026.07.06	10:00:00	175110	175290	174785	174910	353909	1111992	1
2026.07.06	10:15:00	174910	175140	174470	174645	305199	989860	1
2026.07.06	10:30:00	174645	175035	174520	174990	323481	1048148	1
2026.07.06	10:45:00	174990	175480	174560	174705	332540	1074367	1
2026.07.06	11:00:00	174695	174805	174075	174290	247430	818852	1
2026.07.06	11:15:00	174290	174415	174110	174250	140636	474202	1
2026.07.06	11:30:00	174255	174265	173930	174030	139614	470912	1
2026.07.06	11:45:00	174035	174180	173855	174120	137655	480978	1
2026.07.06	12:00:00	174125	174310	174045	174230	126515	444900	1
2026.07.06	12:15:00	174225	174325	174015	174295	108975	395535	1
2026.07.06	12:30:00	174295	174465	174250	174315	112480	417411	1
2026.07.06	12:45:00	174320	174345	174155	174220	72296	262786	1
2026.07.06	13:00:00	174215	174255	174065	174125	63458	231181	1
2026.07.06	13:15:00	174125	174240	174085	174140	58645	213761	1
2026.07.06	13:30:00	174135	174400	174090	174290	70838	245310	1
2026.07.06	13:45:00	174285	174365	174160	174295	66138	241228	1
2026.07.06	14:00:00	174295	174455	174215	174305	84434	327337	1
2026.07.06	14:15:00	174300	174755	174300	174655	114658	421912	1
2026.07.06	14:30:00	174655	174680	174465	174640	83426	318015	1
2026.07.06	14:45:00	174640	174875	174615	174810	100464	386951	1
2026.07.06	15:00:00	174810	174870	174550	174690	93345	350968	1
2026.07.06	15:15:00	174685	174890	174685	174820	67792	251131	1
2026.07.06	15:30:00	174820	174900	174675	174700	64857	243919	1
2026.07.06	15:45:00	174700	174800	174620	174670	60176	224342	1
2026.07.06	16:00:00	174670	174690	174425	174500	75653	290830	1
2026.07.06	16:15:00	174495	174700	174470	174650	64388	241431	1
2026.07.06	16:30:00	174650	174670	174530	174615	49940	188820	1
2026.07.06	16:45:00	174610	174720	174555	174615	53400	213737	1
2026.07.06	17:00:00	174615	174725	174585	174665	39979	166964	1
2026.07.06	17:15:00	174665	174715	174620	174640	21603	80210	1
2026.07.06	17:30:00	174645	174800	174630	174790	26827	89437	1
2026.07.06	17:45:00	174790	174835	174750	174810	22465	72476	1
2026.07.06	18:00:00	174805	174850	174575	174620	51472	127277	1
2026.07.06	18:15:00	174620	174645	174480	174535	22366	69443	1
2026.07.07	09:00:00	174370	175675	174260	175605	389167	1191548	1
2026.07.07	09:15:00	175605	175690	175110	175490	284510	911766	1
2026.07.07	09:30:00	175490	175585	175110	175340	218892	706639	1
2026.07.07	09:45:00	175340	175385	175010	175130	179412	601145	1
2026.07.07	10:00:00	175130	175350	174690	174840	416100	1402189	1
2026.07.07	10:15:00	174840	175245	174620	174755	288326	1004380	1
2026.07.07	10:30:00	174760	175745	174745	175510	388291	1321124	1
2026.07.07	10:45:00	175515	175795	174545	174710	314352	1103008	1
2026.07.07	11:00:00	174705	175085	174425	174450	295856	1034567	1
2026.07.07	11:15:00	174450	174475	173575	173825	259389	918961	1
2026.07.07	11:30:00	173825	174275	173775	174240	175514	631185	1
2026.07.07	11:45:00	174240	174540	174180	174230	161297	584167	1
2026.07.07	12:00:00	174235	174245	173810	173855	144399	530947	1
2026.07.07	12:15:00	173850	173940	173685	173845	114490	425407	1
2026.07.07	12:30:00	173845	173975	173620	173725	100837	363488	1
2026.07.07	12:45:00	173720	173805	173630	173695	71251	270641	1
2026.07.07	13:00:00	173695	173750	173545	173665	71646	269683	1
2026.07.07	13:15:00	173665	173825	173650	173700	64805	242350	1
2026.07.07	13:30:00	173700	173815	173625	173705	55348	206048	1
2026.07.07	13:45:00	173710	173765	173610	173760	45504	174577	1
2026.07.07	14:00:00	173755	174010	173750	173900	102733	370253	1
2026.07.07	14:15:00	173905	174210	173810	174165	87982	330233	1
2026.07.07	14:30:00	174165	174205	173885	173970	91199	350538	1
2026.07.07	14:45:00	173970	174070	173860	174020	53699	207327	1
2026.07.07	15:00:00	174015	174080	173710	173845	87341	333463	1
2026.07.07	15:15:00	173840	174030	173785	173960	66816	254907	1
2026.07.07	15:30:00	173955	174250	173905	174230	92213	379090	1
2026.07.07	15:45:00	174225	174345	174075	174145	103010	412565	1
2026.07.07	16:00:00	174145	174180	173945	174030	88974	356730	1
2026.07.07	16:15:00	174030	174190	173985	174035	79376	316518	1
2026.07.07	16:30:00	174035	174100	173870	173945	67083	269707	1
2026.07.07	16:45:00	173945	174130	173940	174035	55604	218211	1
2026.07.07	17:00:00	174035	174195	174005	174055	44288	178911	1
2026.07.07	17:15:00	174055	174110	174030	174075	17695	64833	1
2026.07.07	17:30:00	174080	174080	173945	173980	19343	74600	1
2026.07.07	17:45:00	173975	173995	173925	173955	17043	59495	1
2026.07.07	18:00:00	173955	173965	173810	173840	27307	70673	1
2026.07.07	18:15:00	173840	173845	173600	173600	22606	75566	1
2026.07.08	09:00:00	172230	173800	172065	173360	487630	1213358	1
2026.07.08	09:15:00	173355	173755	173275	173705	178571	521944	1
2026.07.08	09:30:00	173705	173885	173550	173585	160879	495070	1
2026.07.08	09:45:00	173585	173780	173480	173565	153822	502697	1
2026.07.08	10:00:00	173560	173800	172985	173045	316974	1124664	1
2026.07.08	10:15:00	173050	173335	172005	173150	440731	1608569	1
2026.07.08	10:30:00	173150	173500	172755	173040	320421	1118637	1
2026.07.08	10:45:00	173040	173280	172610	172740	216863	754142	1
2026.07.08	11:00:00	172745	173115	172560	172780	202135	692372	1
2026.07.08	11:15:00	172780	173095	172600	172800	190113	637530	1
2026.07.08	11:30:00	172800	172875	172375	172455	157148	552623	1
2026.07.08	11:45:00	172450	172485	172135	172235	158932	588448	1
2026.07.08	12:00:00	172230	172600	172075	172410	129536	458671	1
2026.07.08	12:15:00	172410	172535	172275	172315	91535	319484	1
2026.07.08	12:30:00	172310	172675	172290	172570	94476	326933	1
2026.07.08	12:45:00	172570	172595	172245	172260	80687	285132	1
2026.07.08	13:00:00	172255	172340	172210	172275	51473	187217	1
2026.07.08	13:15:00	172280	172390	172235	172280	62792	227502	1
2026.07.08	13:30:00	172285	172625	172170	172530	106362	389328	1
2026.07.08	13:45:00	172530	172970	172525	172790	107164	391235	1
2026.07.08	14:00:00	172790	172800	172480	172665	90808	332440	1
2026.07.08	14:15:00	172665	172885	172660	172670	72173	264216	1
2026.07.08	14:30:00	172675	172730	172565	172630	61958	237976	1
2026.07.08	14:45:00	172630	172685	172505	172605	62649	229141	1
2026.07.08	15:00:00	172605	172955	172595	172870	88364	323218	1
2026.07.08	15:15:00	172865	172925	172735	172825	60271	217427	1
2026.07.08	15:30:00	172830	172935	172700	172800	68896	251332	1
2026.07.08	15:45:00	172800	173000	172750	172810	68222	245432	1
2026.07.08	16:00:00	172810	172970	172790	172875	51491	190449	1
2026.07.08	16:15:00	172870	172985	172815	172920	44583	157195	1
2026.07.08	16:30:00	172920	173070	172910	173040	55376	200499	1
2026.07.08	16:45:00	173035	173040	172795	172865	67158	255919	1
2026.07.08	17:00:00	172865	172875	172640	172725	58896	221255	1
2026.07.08	17:15:00	172725	172735	172480	172505	36164	134569	1
2026.07.08	17:30:00	172500	172590	172430	172490	34198	117605	1
2026.07.08	17:45:00	172490	172580	172485	172545	18422	59333	1
2026.07.08	18:00:00	172545	172650	172495	172620	27537	69045	1
2026.07.08	18:15:00	172620	172720	172590	172665	16583	50225	1
2026.07.09	09:00:00	173025	173770	172460	173480	412128	1274465	1
2026.07.09	09:15:00	173480	173860	173420	173645	202451	668003	1
2026.07.09	09:30:00	173645	173775	173345	173510	194676	630362	1
2026.07.09	09:45:00	173505	173550	172995	173150	161756	537827	1
2026.07.09	10:00:00	173150	173795	173145	173715	285311	950295	1
2026.07.09	10:15:00	173720	173825	173200	173365	265804	886407	1
2026.07.09	10:30:00	173365	173415	172935	173120	252668	867905	1
2026.07.09	10:45:00	173120	173155	172830	173110	186382	668668	1
2026.07.09	11:00:00	173110	174015	173100	173890	278228	999127	1
2026.07.09	11:15:00	173885	174390	173730	174255	247469	903758	1
2026.07.09	11:30:00	174250	174415	174145	174175	132734	479373	1
2026.07.09	11:45:00	174175	174495	174155	174465	105941	382067	1
2026.07.09	12:00:00	174460	174720	174325	174635	130677	495239	1
2026.07.09	12:15:00	174635	174675	174145	174200	109413	416532	1
2026.07.09	12:30:00	174200	174520	174115	174455	87311	336026	1
2026.07.09	12:45:00	174460	174505	174405	174460	42404	169874	1
2026.07.09	13:00:00	174460	174755	174455	174710	77236	289835	1
2026.07.09	13:15:00	174715	174725	174475	174545	61381	228879	1
2026.07.09	13:30:00	174550	174565	174360	174430	56405	211852	1
2026.07.09	13:45:00	174425	174490	174380	174465	40661	166834	1
2026.07.09	14:00:00	174465	174550	174370	174440	57395	223212	1
2026.07.09	14:15:00	174440	174715	174425	174645	62258	247021	1
2026.07.09	14:30:00	174645	174970	174605	174895	92425	371439	1
2026.07.09	14:45:00	174895	174965	174815	174860	62606	257253	1
2026.07.09	15:00:00	174865	174900	174660	174750	70922	291912	1
2026.07.09	15:15:00	174750	174795	174625	174640	48541	204699	1
2026.07.09	15:30:00	174645	174780	174605	174700	51841	228430	1
2026.07.09	15:45:00	174695	174925	174680	174870	53725	232550	1
2026.07.09	16:00:00	174875	174945	174800	174890	52241	234047	1
2026.07.09	16:15:00	174895	175045	174880	174940	59643	250743	1
2026.07.09	16:30:00	174940	175030	174765	174970	68124	296030	1
2026.07.09	16:45:00	174970	175080	174945	175040	47015	210258	1
2026.07.09	17:00:00	175045	175190	174955	175150	58755	264296	1
2026.07.09	17:15:00	175150	175230	175085	175095	30701	123899	1
2026.07.09	17:30:00	175100	175155	175040	175060	22376	93658	1
2026.07.09	17:45:00	175060	175195	175050	175160	20868	87206	1
2026.07.09	18:00:00	175165	175390	175155	175330	36823	128536	1
2026.07.09	18:15:00	175325	175490	175255	175490	18349	69072	1
2026.07.10	09:00:00	175900	177675	175900	177630	173220	1465827	0
2026.07.10	09:15:00	177630	177890	177240	177485	102422	956420	0
2026.07.10	09:30:00	177490	177850	177475	177750	73973	627631	0
2026.07.10	09:45:00	177750	179300	177715	178315	99108	904790	0
2026.07.10	10:00:00	178310	178780	177995	178085	100131	804109	0
2026.07.10	10:15:00	178085	178295	177545	178020	106387	994123	0
2026.07.10	10:30:00	178020	178545	177865	177920	110464	1078181	0
2026.07.10	10:45:00	177925	178530	177825	178505	78486	813609	0
2026.07.10	11:00:00	178505	178850	178230	178415	89195	884895	0
2026.07.10	11:15:00	178415	178995	178400	178795	79780	839552	0
2026.07.10	11:30:00	178795	178915	178005	178665	86762	900753	0
2026.07.10	11:45:00	178660	179060	178635	178715	55158	526361	0
2026.07.10	12:00:00	178720	178755	178220	178260	46813	453616	0
2026.07.10	12:15:00	178260	178495	178170	178415	43682	435029	0
2026.07.10	12:30:00	178415	178420	178145	178345	33496	325715	0
2026.07.10	12:45:00	178340	178475	178205	178430	32191	318399	0
2026.07.10	13:00:00	178430	178840	178415	178815	35708	352499	0
2026.07.10	13:15:00	178810	179215	178795	179155	39652	402794	0
2026.07.10	13:30:00	179160	179340	179070	179270	36872	368598	0
2026.07.10	13:45:00	179270	179545	179265	179375	35216	378939	0
2026.07.10	14:00:00	179375	179450	179260	179415	28002	271952	0
2026.07.10	14:15:00	179415	179475	179240	179345	27941	295122	0
2026.07.10	14:30:00	179350	179455	179315	179395	16733	173997	0
2026.07.10	14:45:00	179390	179430	179240	179335	19485	213216	0
2026.07.10	15:00:00	179330	179865	179325	179810	43845	514617	0
2026.07.10	15:15:00	179810	179940	179710	179735	29869	306503	0
2026.07.10	15:30:00	179735	179785	179585	179630	22668	221335	0
2026.07.10	15:45:00	179630	179650	179410	179495	25987	263806	0
2026.07.10	16:00:00	179490	179715	179425	179585	27370	307410	0
2026.07.10	16:15:00	179585	179760	179560	179685	19422	217240	0
2026.07.10	16:30:00	179680	179720	179605	179670	15628	178067	0
2026.07.10	16:45:00	179665	179955	179655	179925	25000	294254	0
2026.07.10	17:00:00	179925	180390	179905	180260	38665	423003	0
2026.07.10	17:15:00	180255	180495	180235	180400	18043	179993	0
2026.07.10	17:30:00	180395	180495	180350	180410	11151	103981	0
2026.07.10	17:45:00	180405	180595	180400	180440	14247	122607	0
2026.07.10	18:00:00	180445	180670	180400	180495	14757	116241	0
2026.07.10	18:15:00	180500	180665	180485	180605	5592	44793	0
2026.07.10	18:30:00	180515	180515	180515	180515	101	8686	0
2026.07.13	09:00:00	179670	180235	179475	179675	123844	943090	0
2026.07.13	09:15:00	179675	180075	179540	179855	80952	680962	0
2026.07.13	09:30:00	179850	180160	179725	180065	66855	565700	0
2026.07.13	09:45:00	180065	180220	179815	180145	69040	591176	0
2026.07.13	10:00:00	180150	180245	179605	179950	115158	1099476	0
2026.07.13	10:15:00	179950	180030	179345	179495	84509	770445	0
2026.07.13	10:30:00	179490	179920	178955	179300	123268	1150849	0
2026.07.13	10:45:00	179305	179585	179080	179455	79546	703818	0
2026.07.13	11:00:00	179450	179495	179050	179195	77389	667078	0
2026.07.13	11:15:00	179195	179255	178690	178995	83600	771970	0
2026.07.13	11:30:00	178995	179065	178490	178600	58890	504816	0
2026.07.13	11:45:00	178595	178795	178535	178775	41554	406202	0
2026.07.13	12:00:00	178775	178850	178290	178350	51371	461102	0
2026.07.13	12:15:00	178355	178520	178280	178470	40525	388004	0
2026.07.13	12:30:00	178475	178595	178390	178425	33214	312417	0
2026.07.13	12:45:00	178425	178555	178250	178365	34124	321092	0
2026.07.13	13:00:00	178360	178450	178320	178380	22876	235023	0
2026.07.13	13:15:00	178380	178400	178230	178270	29022	315881	0
2026.07.13	13:30:00	178275	178305	178015	178205	41134	452138	0
2026.07.13	13:45:00	178205	178285	177815	177860	44492	456037	0
2026.07.13	14:00:00	177860	178015	177755	177970	33933	331912	0
2026.07.13	14:15:00	177965	178065	177675	177695	39729	386150	0
2026.07.13	14:30:00	177690	177775	177555	177660	35601	360093	0
2026.07.13	14:45:00	177655	177760	177460	177540	37480	395947	0
2026.07.13	15:00:00	177540	177675	177410	177545	37647	386989	0
2026.07.13	15:15:00	177540	177590	177450	177525	23517	255903	0
2026.07.13	15:30:00	177525	177770	177490	177660	28874	293851	0
2026.07.13	15:45:00	177665	177795	177650	177765	22691	261891	0
2026.07.13	16:00:00	177765	177900	177675	177785	30019	298929	0
2026.07.13	16:15:00	177780	177825	177500	177515	30668	336519	0
2026.07.13	16:30:00	177510	177570	177385	177535	28877	310266	0
2026.07.13	16:45:00	177530	177630	177400	177455	25989	278604	0
2026.07.13	17:00:00	177450	177690	177320	177330	37537	362395	0
2026.07.13	17:15:00	177330	177375	177210	177300	23945	243441	0
2026.07.13	17:30:00	177300	177310	177075	177105	17261	157571	0
2026.07.13	17:45:00	177105	177150	177055	177125	10954	93704	0
2026.07.13	18:00:00	177120	177205	176990	177150	14563	112264	0
2026.07.13	18:15:00	177150	177355	177140	177140	6943	62658	0
2026.07.13	18:30:00	177400	177400	177400	177400	102	24483	0
2026.07.14	09:00:00	178140	178335	177285	177620	127372	1021297	0
2026.07.14	09:15:00	177620	177910	177365	177545	90910	741249	0
2026.07.14	09:30:00	177535	179220	177490	178430	148430	1224105	0
2026.07.14	09:45:00	178425	178500	178175	178235	70914	609153	0
2026.07.14	10:00:00	178235	178670	178010	178050	94129	852584	0
2026.07.14	10:15:00	178045	178350	177755	177955	107930	997890	0
2026.07.14	10:30:00	177955	178555	177945	178375	108722	1000306	0
2026.07.14	10:45:00	178375	178720	178195	178635	76289	699428	0
2026.07.14	11:00:00	178640	178970	178375	178470	88276	756287	0
2026.07.14	11:15:00	178470	178625	178145	178230	75119	680631	0
2026.07.14	11:30:00	178235	178795	178050	178085	67836	604419	0
2026.07.14	11:45:00	178090	178175	177905	178080	49091	425256	0
2026.07.14	12:00:00	178085	178420	177855	178415	62789	585037	0
2026.07.14	12:15:00	178410	178490	178245	178290	39160	353158	0
2026.07.14	12:30:00	178295	178390	177925	178080	37354	382927	0
2026.07.14	12:45:00	178080	178240	177865	177910	34061	319077	0
2026.07.14	13:00:00	177910	177995	177560	177915	49583	503523	0
2026.07.14	13:15:00	177915	178025	177845	177955	22884	213045	0
2026.07.14	13:30:00	177960	178155	177945	178090	24110	233181	0
2026.07.14	13:45:00	178090	178180	177875	178025	30651	305502	0
2026.07.14	14:00:00	178025	178060	177785	177880	26230	260214	0
2026.07.14	14:15:00	177885	177895	177755	177805	19200	197160	0
2026.07.14	14:30:00	177805	177895	177755	177815	19985	188967	0
2026.07.14	14:45:00	177815	178015	177770	177810	26156	258373	0
2026.07.14	15:00:00	177805	178005	177805	177975	22689	217544	0
2026.07.14	15:15:00	177975	178085	177865	178065	22215	222236	0
2026.07.14	15:30:00	178070	178170	177970	178125	25184	266342	0
2026.07.14	15:45:00	178130	178515	178120	178460	39866	391277	0
2026.07.14	16:00:00	178460	178595	178395	178425	28417	273336	0
2026.07.14	16:15:00	178430	178470	178230	178320	24179	242388	0
2026.07.14	16:30:00	178315	178395	178185	178365	21297	216121	0
2026.07.14	16:45:00	178365	178565	178360	178485	23655	253170	0
2026.07.14	17:00:00	178485	178660	178405	178440	23214	234647	0
2026.07.14	17:15:00	178440	178445	178360	178395	12243	103283	0
2026.07.14	17:30:00	178390	178580	178385	178465	16532	148666	0
2026.07.14	17:45:00	178465	178560	178440	178525	8544	73142	0
2026.07.14	18:00:00	178520	178550	178320	178375	11513	91181	0
2026.07.14	18:15:00	178375	178395	178260	178285	5346	41322	0
2026.07.14	18:30:00	178200	178200	178200	178200	62	21709	0
2026.07.15	09:00:00	178050	178050	176980	177855	385537	1148321	1
2026.07.15	09:15:00	177850	178135	177685	178015	182297	559599	1
2026.07.15	09:30:00	178015	178575	177775	178525	244355	742555	1
2026.07.15	09:45:00	178530	178665	178315	178425	175560	559772	1
2026.07.15	10:00:00	178425	178500	177675	177695	336533	1082733	1
2026.07.15	10:15:00	177695	178175	177620	177890	259040	830062	1
2026.07.15	10:30:00	177890	178160	177430	177455	249508	823915	1
2026.07.15	10:45:00	177450	177895	177365	177755	201779	671435	1
2026.07.15	11:00:00	177750	178080	177650	177950	154843	533883	1
2026.07.15	11:15:00	177950	178050	177350	177525	197799	707829	1
2026.07.15	11:30:00	177525	177915	177455	177655	152854	555884	1
2026.07.15	11:45:00	177650	177980	177530	177885	142639	534987	1
2026.07.15	12:00:00	177885	178130	177830	177835	116754	428603	1
2026.07.15	12:15:00	177835	177940	177575	177685	116339	433271	1
2026.07.15	12:30:00	177690	177690	177390	177440	89074	341409	1
2026.07.15	12:45:00	177445	177575	177405	177480	72212	269406	1
2026.07.15	13:00:00	177475	177560	177330	177345	81845	298326	1
2026.07.15	13:15:00	177345	177415	177205	177310	77928	300306	1
2026.07.15	13:30:00	177305	177365	177245	177330	55515	210375	1
2026.07.15	13:45:00	177325	177555	177035	177150	113839	425083	1
2026.07.15	14:00:00	177145	177405	177140	177210	76851	282145	1
2026.07.15	14:15:00	177210	177540	177150	177515	80179	307871	1
2026.07.15	14:30:00	177515	177770	177495	177755	96873	389506	1
2026.07.15	14:45:00	177755	177945	177735	177825	79927	311930	1
2026.07.15	15:00:00	177825	177955	177685	177860	76147	291011	1
2026.07.15	15:15:00	177860	177970	177775	177930	60055	224764	1
2026.07.15	15:30:00	177930	178050	177825	177855	66928	252847	1
2026.07.15	15:45:00	177850	177920	177790	177810	44414	175663	1
2026.07.15	16:00:00	177805	178020	177785	177990	46751	176931	1
2026.07.15	16:15:00	177990	178080	177935	177995	48764	182940	1
2026.07.15	16:30:00	177995	178005	177715	177780	64779	251112	1
2026.07.15	16:45:00	177780	177810	177665	177695	47894	193856	1
2026.07.15	17:00:00	177695	177945	177690	177795	54127	233433	1
2026.07.15	17:15:00	177800	177800	177610	177650	29940	111279	1
2026.07.15	17:30:00	177650	177765	177645	177710	21784	72265	1
2026.07.15	17:45:00	177710	177790	177645	177715	20289	64607	1
2026.07.15	18:00:00	177720	177920	177670	177870	29026	74491	1
2026.07.15	18:15:00	177870	177920	177725	177920	13450	54758	1
2026.07.16	09:00:00	177505	178765	177505	178040	409890	1118551	1
2026.07.16	09:15:00	178040	178225	177600	177705	200972	609777	1
2026.07.16	09:30:00	177705	177770	177385	177495	194665	606883	1
2026.07.16	09:45:00	177495	177655	177240	177305	163862	513420	1
2026.07.16	10:00:00	177310	177365	176580	176900	310232	993670	1
2026.07.16	10:15:00	176895	177085	176550	176610	265781	892034	1
2026.07.16	10:30:00	176610	176650	175410	175435	386778	1313770	1
2026.07.16	10:45:00	175435	175795	175415	175705	198212	674347	1
2026.07.16	11:00:00	175700	176485	175650	176390	234209	823771	1
2026.07.16	11:15:00	176390	176415	176040	176320	168868	585078	1
2026.07.16	11:30:00	176320	176500	176155	176450	133727	471767	1
2026.07.16	11:45:00	176455	176870	176420	176635	182651	669448	1
2026.07.16	12:00:00	176630	176650	176340	176490	149143	549757	1
2026.07.16	12:15:00	176490	176815	176455	176655	101501	349611	1
2026.07.16	12:30:00	176655	176850	176490	176685	103428	372105	1
2026.07.16	12:45:00	176680	176835	176580	176720	71439	261820	1
2026.07.16	13:00:00	176720	176775	176385	176430	96495	360137	1
2026.07.16	13:15:00	176430	176455	176195	176305	88354	333718	1
2026.07.16	13:30:00	176310	176410	176275	176360	61013	234348	1
2026.07.16	13:45:00	176355	176375	176060	176105	82079	321602	1
2026.07.16	14:00:00	176105	176145	175620	175625	132563	530032	1
2026.07.16	14:15:00	175630	175760	175535	175710	81184	321492	1
2026.07.16	14:30:00	175710	175800	175545	175620	69596	276338	1
2026.07.16	14:45:00	175625	175760	175355	175450	87313	336342	1
2026.07.16	15:00:00	175455	175555	175160	175510	108458	419394	1
2026.07.16	15:15:00	175515	175575	175400	175420	65400	262901	1
2026.07.16	15:30:00	175420	175430	175260	175380	69558	266826	1
2026.07.16	15:45:00	175375	175530	175325	175390	69792	279278	1
2026.07.16	16:00:00	175395	175435	175260	175325	52680	212308	1
2026.07.16	16:15:00	175325	175445	175270	175345	51616	202657	1
2026.07.16	16:30:00	175345	175360	175205	175270	53493	211993	1
2026.07.16	16:45:00	175270	175450	175210	175435	58247	239786	1
2026.07.16	17:00:00	175435	175520	175310	175335	53948	216049	1
2026.07.16	17:15:00	175335	175365	175260	175265	24406	89354	1
2026.07.16	17:30:00	175265	175335	175100	175280	47283	164457	1
2026.07.16	17:45:00	175275	175365	175205	175275	27410	88789	1
2026.07.16	18:00:00	175270	175290	175165	175185	20163	53062	1
2026.07.16	18:15:00	175180	175270	175140	175255	17663	63617	1
2026.07.17	09:00:00	174550	175650	174515	175315	383288	1075409	1
2026.07.17	09:15:00	175320	175480	174940	175055	217347	660867	1
2026.07.17	09:30:00	175050	175440	174875	175315	219142	698242	1
2026.07.17	09:45:00	175320	175460	175170	175295	130857	420352	1
2026.07.17	10:00:00	175290	175390	174945	175180	305639	1010009	1
2026.07.17	10:15:00	175175	175475	174790	175235	291504	993834	1
2026.07.17	10:30:00	175230	175650	175060	175250	338441	1107466	1
2026.07.17	10:45:00	175255	175890	175100	175755	246179	848336	1
2026.07.17	11:00:00	175765	175795	175075	175240	210225	734395	1
2026.07.17	11:15:00	175245	175535	175230	175395	136722	477552	1
2026.07.17	11:30:00	175395	175595	175315	175400	112047	399791	1
2026.07.17	11:45:00	175395	175785	175370	175675	133104	485181	1
2026.07.17	12:00:00	175670	175825	175475	175760	112388	413821	1
2026.07.17	12:15:00	175760	175980	175685	175955	100889	380289	1
2026.07.17	12:30:00	175950	176035	175785	175820	88699	337684	1
2026.07.17	12:45:00	175825	176065	175740	175955	80763	301694	1
2026.07.17	13:00:00	175950	176025	175745	175785	98886	397037	1
2026.07.17	13:15:00	175780	175800	175415	175485	95076	377992	1
2026.07.17	13:30:00	175485	175500	175275	175460	79386	317550	1
2026.07.17	13:45:00	175465	175570	175325	175385	74288	294313	1
2026.07.17	14:00:00	175380	175550	175350	175360	68049	272723	1
2026.07.17	14:15:00	175355	175470	175345	175420	45770	185977	1
2026.07.17	14:30:00	175415	175535	175185	175220	65946	269873	1
2026.07.17	14:45:00	175215	175380	175040	175055	79966	324873	1
2026.07.17	15:00:00	175060	175070	174865	174885	86774	343504	1
2026.07.17	15:15:00	174885	175065	174865	174930	56822	217830	1
2026.07.17	15:30:00	174930	174990	174810	174930	61232	245725	1
2026.07.17	15:45:00	174930	174985	174845	174925	36666	137269	1
2026.07.17	16:00:00	174920	174985	174830	174840	42524	166242	1
2026.07.17	16:15:00	174845	175070	174740	175055	72911	294580	1
2026.07.17	16:30:00	175055	175215	174955	175185	68828	285663	1
2026.07.17	16:45:00	175190	175335	175140	175230	64001	264376	1
2026.07.17	17:00:00	175225	175275	175125	175185	41968	167605	1
2026.07.17	17:15:00	175185	175235	175140	175180	18661	74176	1
2026.07.17	17:30:00	175175	175200	174900	174930	33467	127793	1
2026.07.17	17:45:00	174925	175080	174870	174935	28196	105163	1
2026.07.17	18:00:00	174935	175050	174880	175040	21434	68151	1
2026.07.17	18:15:00	175045	175100	174925	175070	10115	53243	1
2026.07.20	09:00:00	175580	175705	174725	175185	367276	1079319	1
2026.07.20	09:15:00	175180	175245	174780	175190	236646	770260	1
2026.07.20	09:30:00	175190	175350	175030	175165	161352	527361	1
2026.07.20	09:45:00	175170	175395	175000	175260	160674	545998	1
2026.07.20	10:00:00	175260	175955	175195	175475	314072	1059268	1
2026.07.20	10:15:00	175480	175510	175090	175185	212183	706663	1
2026.07.20	10:30:00	175190	175370	174570	174665	333529	1181758	1
2026.07.20	10:45:00	174670	175245	174530	175120	211638	742488	1
2026.07.20	11:00:00	175125	175435	174900	174965	191458	671729	1
2026.07.20	11:15:00	174965	175275	174930	175170	125219	426613	1
2026.07.20	11:30:00	175170	175550	175145	175450	141470	485351	1
2026.07.20	11:45:00	175450	175800	175410	175555	145547	521265	1
2026.07.20	12:00:00	175555	175650	175285	175290	120799	456932	1
2026.07.20	12:15:00	175295	175335	175145	175305	81171	302246	1
2026.07.20	12:30:00	175305	175490	175295	175480	76545	280397	1
2026.07.20	12:45:00	175475	175610	175295	175465	77794	276961	1
2026.07.20	13:00:00	175465	175710	175420	175635	66461	236261	1
2026.07.20	13:15:00	175630	175690	175395	175430	66812	247169	1
2026.07.20	13:30:00	175425	175475	175080	175230	90281	352621	1
2026.07.20	13:45:00	175230	175330	174905	174960	79686	288085	1
2026.07.20	14:00:00	174960	175065	174900	174975	57663	213986	1
2026.07.20	14:15:00	174980	175040	174915	174985	36312	138739	1
2026.07.20	14:30:00	174985	175045	174845	174950	56977	219057	1
2026.07.20	14:45:00	174955	175175	174860	175150	63968	237650	1
2026.07.20	15:00:00	175150	175365	175150	175280	58223	226493	1
2026.07.20	15:15:00	175275	175280	175090	175155	61003	246568	1
2026.07.20	15:30:00	175155	175310	175065	175065	73408	290705	1
2026.07.20	15:45:00	175070	175110	174960	175095	57824	224373	1
2026.07.20	16:00:00	175095	175200	175005	175025	61024	244030	1
2026.07.20	16:15:00	175020	175150	174930	175090	64732	267765	1
2026.07.20	16:30:00	175090	175235	175035	175185	55506	216562	1
2026.07.20	16:45:00	175185	175210	174955	175005	57169	229081	1
2026.07.20	17:00:00	175000	175045	174625	174685	63618	252573	1
2026.07.20	17:15:00	174680	174765	174625	174670	36407	151968	1
2026.07.20	17:30:00	174675	174760	174655	174700	19630	78621	1
2026.07.20	17:45:00	174700	174795	174685	174745	19718	66937	1
2026.07.20	18:00:00	174745	174750	174560	174695	30683	82320	1
2026.07.20	18:15:00	174695	174735	174595	174665	13592	53441	1
2026.07.21	09:00:00	175245	175345	174535	175050	391133	1118777	1
2026.07.21	09:15:00	175050	175090	174425	174630	233493	728896	1
2026.07.21	09:30:00	174630	175015	174540	174770	195185	610948	1
2026.07.21	09:45:00	174770	174870	174550	174665	137705	432425	1
2026.07.21	10:00:00	174665	174850	174520	174770	215294	707214	1
2026.07.21	10:15:00	174765	174980	174350	174610	286423	976954	1
2026.07.21	10:30:00	174610	175100	173870	174060	393542	1337715	1
2026.07.21	10:45:00	174055	174530	173990	174070	252569	846270	1
2026.07.21	11:00:00	174070	174550	173935	174505	210573	713023	1
2026.07.21	11:15:00	174510	174610	174005	174090	159118	537620	1
2026.07.21	11:30:00	174085	174295	173715	173885	154155	542794	1
2026.07.21	11:45:00	173890	173945	173515	173595	131879	462919	1
2026.07.21	12:00:00	173590	173715	173500	173680	86704	322813	1
2026.07.21	12:15:00	173685	174010	173655	173955	94773	356046	1
2026.07.21	12:30:00	173955	174160	173920	174095	88088	323689	1
2026.07.21	12:45:00	174095	174100	173950	173960	66165	225026	1
2026.07.21	13:00:00	173965	174110	173935	174040	54450	195473	1
2026.07.21	13:15:00	174035	174295	174015	174220	66638	235919	1
2026.07.21	13:30:00	174220	174280	174155	174225	51860	192419	1
2026.07.21	13:45:00	174230	174415	174200	174335	59453	221407	1
2026.07.21	14:00:00	174335	174490	174315	174340	62722	245193	1
2026.07.21	14:15:00	174335	174350	174220	174310	53164	195958	1
2026.07.21	14:30:00	174315	174610	174280	174440	100471	390949	1
2026.07.21	14:45:00	174435	174700	174285	174690	113823	469177	1
2026.07.21	15:00:00	174690	174700	174520	174615	68779	260955	1
2026.07.21	15:15:00	174620	174720	174565	174680	48489	182117	1
2026.07.21	15:30:00	174680	174750	174650	174720	55163	211695	1
2026.07.21	15:45:00	174720	174785	174665	174735	40977	159139	1
2026.07.21	16:00:00	174730	174845	174705	174740	50615	202084	1
2026.07.21	16:15:00	174735	174785	174655	174680	48199	203308	1
2026.07.21	16:30:00	174685	174765	174605	174745	51057	222351	1
2026.07.21	16:45:00	174745	174790	174610	174680	48320	204811	1
2026.07.21	17:00:00	174675	174690	174525	174575	44606	186153	1
2026.07.21	17:15:00	174570	174590	174490	174505	22406	88184	1
2026.07.21	17:30:00	174505	174560	174500	174505	18685	69318	1
2026.07.21	17:45:00	174505	174655	174505	174635	23589	86582	1
2026.07.21	18:00:00	174635	174735	174620	174690	29628	77056	1
2026.07.21	18:15:00	174695	174720	174610	174690	14971	58910	1
2026.07.22	09:00:00	174250	175600	174245	175540	341049	1027010	1
2026.07.22	09:15:00	175545	175580	175205	175245	226722	728247	1
2026.07.22	09:30:00	175240	175690	175115	175390	251658	850648	1
2026.07.22	09:45:00	175385	175755	175170	175645	245498	780651	1
2026.07.22	10:00:00	175645	176000	175435	175950	331217	1038711	1
2026.07.22	10:15:00	175945	176275	175705	176200	302744	1048803	1
2026.07.22	10:30:00	176195	177945	176155	177690	438229	1553283	1
2026.07.22	10:45:00	177690	178270	177550	177875	278763	983415	1
2026.07.22	11:00:00	177875	177985	177095	177180	223982	851182	1
2026.07.22	11:15:00	177175	177575	177080	177160	183181	675969	1
2026.07.22	11:30:00	177155	177165	176760	176935	153913	590894	1
2026.07.22	11:45:00	176935	176950	176585	176825	153519	599203	1
2026.07.22	12:00:00	176820	177120	176705	176940	119867	479759	1
2026.07.22	12:15:00	176940	177155	176780	177035	110330	428750	1
2026.07.22	12:30:00	177040	177560	176960	177450	137145	543369	1
2026.07.22	12:45:00	177450	177545	177340	177465	70733	277415	1
2026.07.22	13:00:00	177460	177655	177405	177500	86633	349842	1
2026.07.22	13:15:00	177495	177570	177400	177555	64434	259209	1
2026.07.22	13:30:00	177550	177835	177535	177800	82673	337943	1
2026.07.22	13:45:00	177795	177885	177635	177795	69101	269897	1
2026.07.22	14:00:00	177795	178165	177755	178085	95587	399464	1
2026.07.22	14:15:00	178080	178310	178050	178265	88397	387590	1
2026.07.22	14:30:00	178270	178510	178235	178440	88914	384372	1
2026.07.22	14:45:00	178440	178775	178430	178705	94646	409650	1
2026.07.22	15:00:00	178705	178860	178555	178670	95588	405265	1
2026.07.22	15:15:00	178665	178785	178600	178695	70187	303324	1
2026.07.22	15:30:00	178700	178845	178620	178790	67625	292882	1
2026.07.22	15:45:00	178785	179020	178745	178960	73493	338167	1
2026.07.22	16:00:00	178965	178990	178755	178800	54483	230821	1
2026.07.22	16:15:00	178805	178900	178710	178835	58345	248007	1
2026.07.22	16:30:00	178840	178845	178700	178765	43291	185509	1
2026.07.22	16:45:00	178765	179000	178730	178880	72334	325746	1
2026.07.22	17:00:00	178880	179100	178840	179055	63145	290213	1
2026.07.22	17:15:00	179060	179230	179020	179135	45346	198079	1
2026.07.22	17:30:00	179140	179215	179030	179070	30962	122625	1
2026.07.22	17:45:00	179080	179080	178980	179030	24513	87335	1
2026.07.22	18:00:00	179030	179160	179000	179025	32141	86169	1
2026.07.22	18:15:00	179025	179090	178775	178775	18804	79690	1
2026.07.23	09:00:00	178400	178800	177740	178425	304191	850121	1
2026.07.23	09:15:00	178430	178510	178070	178370	130722	374122	1
2026.07.23	09:30:00	178365	178680	178105	178265	200695	593046	1
2026.07.23	09:45:00	178260	178470	178160	178275	139809	450527	1
2026.07.23	10:00:00	178275	178440	177600	177715	343418	1154797	1
2026.07.23	10:15:00	177715	178230	177400	178160	271828	904045	1
2026.07.23	10:30:00	178155	178610	178010	178480	317781	1098004	1
2026.07.23	10:45:00	178480	179125	178205	178210	308466	1118847	1
2026.07.23	11:00:00	178220	178570	177960	178470	228455	790887	1
